drop schema  if exists ekart_product ;

create schema ekart_product;
use `ekart_product`;

CREATE TABLE EK_PRODUCT(
	PRODUCT_ID INT auto_increment,
	NAME VARCHAR(500) NOT NULL,
	DESCRIPTION VARCHAR(1000) NOT NULL,
	CATEGORY VARCHAR(200) NOT NULL,
	BRAND VARCHAR(250) NOT NULL,
	PRICE BIGINT NOT NULL,
	QUANTITY SMALLINT NOT NULL,
	constraint EK_PRODUCT_ID_PK primary key ( PRODUCT_ID )
);



INSERT INTO EK_PRODUCT (PRODUCT_ID, NAME, DESCRIPTION, CATEGORY, BRAND, PRICE,  QUANTITY) VALUES (1000,'Bot E5s Plus','Smart phone with (13+13)MP rear camera and 8MP front camera, 4GB RAM and 64GB ROM,5.5 inch FHD display, Snapdrag 625 processor', 'Electronics - Mobile', 'Motobot', 16000, 150);
INSERT INTO EK_PRODUCT (PRODUCT_ID, NAME, DESCRIPTION, CATEGORY, BRAND, PRICE,  QUANTITY) VALUES (1001,'Xpress','Smart phone with (13+13)MP rear camera and 8MP front camera, 4GB RAM and 64GB ROM,5.5 inch FHD display, Snapdrag 625 processor', 'Electronics - Mobile', 'Motobot', 16000, 150);
INSERT INTO EK_PRODUCT (PRODUCT_ID, NAME, DESCRIPTION, CATEGORY, BRAND, PRICE,  QUANTITY) VALUES (1002,'Xpress Plus','Smart phone with 18MP rear camera and 16MP front camera, 4GB RAM and 32GB ROM,5 inch FHD display, MediTek T1009 processor', 'Electronics - Mobile', 'Motobot', 15000, 150);
INSERT INTO EK_PRODUCT (PRODUCT_ID, NAME, DESCRIPTION, CATEGORY, BRAND, PRICE,  QUANTITY) VALUES (1003,'Dzire','Smart phone with 16MP rear camera and 8MP front camera, 2GB RAM and 16GB ROM,5 inch FHD display, Hi-Tech processor', 'Electronics - Mobile', 'SangSung', 12000, 250);
INSERT INTO EK_PRODUCT (PRODUCT_ID, NAME, DESCRIPTION, CATEGORY, BRAND, PRICE,  QUANTITY) VALUES (1004,'Dzire Plus','Smart phone with 16MP rear camera and 8MP front camera, 6GB RAM and 32GB ROM,5.5 inch FHD display, Hi-Tech processor', 'Electronics - Mobile', 'SangSung', 15000,  100);
INSERT INTO EK_PRODUCT (PRODUCT_ID, NAME, DESCRIPTION, CATEGORY, BRAND, PRICE,  QUANTITY) VALUES (1005,'Xpress Music-360','Smart phone with 16MP rear camera and 8MP front camera, 2GB RAM and 16GB ROM,5 inch FHD display, DA sound', 'Electronics - Mobile', 'Technotron', 10000, 150);
INSERT INTO EK_PRODUCT (PRODUCT_ID, NAME, DESCRIPTION, CATEGORY, BRAND, PRICE,  QUANTITY) VALUES (1006,'CamBot','Basic phone with 26MP rear camera and 16MP front camera, 2GB RAM and 16GB ROM,4.5 inch HD display, OxiTech Processor', 'Electronics - Mobile', 'Technotron', 5000, 250);
INSERT INTO EK_PRODUCT (PRODUCT_ID, NAME, DESCRIPTION, CATEGORY, BRAND, PRICE,  QUANTITY) VALUES (1007,'Cambot Plus','Smart phone with 26MP rear camera and 16MP front camera, 4GB RAM and 32GB ROM,4.5 inch HD display, OxiTech Processor', 'Electronics - Mobile', 'Technotron', 8000, 250);
INSERT INTO EK_PRODUCT (PRODUCT_ID, NAME, DESCRIPTION, CATEGORY, BRAND, PRICE,  QUANTITY) VALUES (1008,'Impulse S','Smart phone with 16MP rear camera and 8MP front camera, 4GB RAM and 32GB ROM,5.5 inch FHD display, OxiTech Processor', 'Electronics - Mobile', 'Micron', 18000, 250);
INSERT INTO EK_PRODUCT (PRODUCT_ID, NAME, DESCRIPTION, CATEGORY, BRAND, PRICE,  QUANTITY) VALUES (1009,'Impulse S Plus','Smart phone with 18MP rear camera and 16MP front camera, 4GB RAM and 32GB ROM,5.5 inch FHD display, OxiTech Processor', 'Electronics - Mobile', 'Micron', 22000, 250);
INSERT INTO EK_PRODUCT (PRODUCT_ID, NAME, DESCRIPTION, CATEGORY, BRAND, PRICE,  QUANTITY) VALUES (1010,'Frost LP 6677','14-inch FHD display, Core-i3 5th Gn processor, 4GB RAM, 500GB HDD', 'Electronics - Laptop', 'CorpTech', 28000, 150);
INSERT INTO EK_PRODUCT (PRODUCT_ID, NAME, DESCRIPTION, CATEGORY, BRAND, PRICE,  QUANTITY) VALUES (1011,'Inspire LP N5577','15.6-inch UHD display, Core-i5 8th Gn processor, 8GB RAM, 1TB HDD, Finger Print Unlock ', 'Electronics - Laptop', 'CorpTech', 59000, 150);
INSERT INTO EK_PRODUCT (PRODUCT_ID, NAME, DESCRIPTION, CATEGORY, BRAND, PRICE,  QUANTITY) VALUES (1012,'NoteBook LP 8800','14-inch FHD display, Core-i3 7th Gen processor, 4GB RAM, 500GB HDD', 'Electronics - Laptop', 'Itronics', 38000, 150);
INSERT INTO EK_PRODUCT (PRODUCT_ID, NAME, DESCRIPTION, CATEGORY, BRAND, PRICE,  QUANTITY) VALUES (1013,'AWare LP 3636','17-inch UHD display,Core i7-7th Gen, 16GB RAm and 2TB HHDD', 'Electronics - Laptop', 'AW', 75000, 150);
INSERT INTO EK_PRODUCT (PRODUCT_ID, NAME, DESCRIPTION, CATEGORY, BRAND, PRICE,  QUANTITY) VALUES (1014,'Longitude LP E7440','15-inch FHD display, Core-i5 7th Gen processor, 8GB RAM, 750GB HDD', 'Electronics - Laptop', 'Lap+', 50000, 450);
INSERT INTO EK_PRODUCT (PRODUCT_ID, NAME, DESCRIPTION, CATEGORY, BRAND, PRICE,  QUANTITY) VALUES (1015,'ThinkStation LP 7000','14-inch FHD display, Core-2 duo processor, 4GB RAM, 500GB HDD', 'Electronics - Laptop', 'Thinkpad', 35000, 150);
INSERT INTO EK_PRODUCT (PRODUCT_ID, NAME, DESCRIPTION, CATEGORY, BRAND, PRICE,  QUANTITY) VALUES (1016,'IdeaStation LP 8090','14-inch FHD display, Core-i3 5th Gen processor, 4GB RAM, 750GB HDD', 'Electronics - Laptop', 'Ideapad', 50000, 150);
INSERT INTO EK_PRODUCT (PRODUCT_ID, NAME, DESCRIPTION, CATEGORY, BRAND, PRICE,  QUANTITY) VALUES (1017,'MaxBook Base','14-inch FHD display, I+ processor, 4GB RAM, 500GB HDD', 'Electronics - Laptop', 'Max+', 50000, 150);
INSERT INTO EK_PRODUCT (PRODUCT_ID, NAME, DESCRIPTION, CATEGORY, BRAND, PRICE,  QUANTITY) VALUES (1018,'MaxBook Air','14-inch FHD display, I++ processor, 4GB RAM, 650GB HDD', 'Electronics - Laptop', 'Max+', 70000, 250);
INSERT INTO EK_PRODUCT (PRODUCT_ID, NAME, DESCRIPTION, CATEGORY, BRAND, PRICE,  QUANTITY) VALUES (1019,'MaxBook Pro','17-inch UHD display, I++ duo processor, 16GB RAM, 500GB SSD', 'Electronics - Laptop', 'Max+', 155000, 150);
INSERT INTO EK_PRODUCT (PRODUCT_ID, NAME, DESCRIPTION, CATEGORY, BRAND, PRICE,  QUANTITY) VALUES (1020,'Corsair DSKTP 1919','All In One Desktop C2000(F0BB00YDIN,CPU J3060/4GB/1TB/19.5"LED/Dos)', 'Electronics - Desktop', 'Corsair', 25000, 150);
INSERT INTO EK_PRODUCT (PRODUCT_ID, NAME, DESCRIPTION, CATEGORY, BRAND, PRICE,  QUANTITY) VALUES (1021,'Corsair DSKTP 2020 PRO','20-c103in 19.45-inch All-in-One Desktop (Celeron J3060/4GB/500GB/Windows 10/Integrated Graphics), Black', 'Electronics - Desktop', 'Corsair', 35000, 150);
INSERT INTO EK_PRODUCT (PRODUCT_ID, NAME, DESCRIPTION, CATEGORY, BRAND, PRICE,  QUANTITY) VALUES (1022,'Precision DSKTP 2323','Pentium Quad Core/4 GB DDR3/1 TB/Free DOS - Black, 19.5 Inch Screen', 'Electronics - Desktop', 'Precision', 45000, 15);
INSERT INTO EK_PRODUCT (PRODUCT_ID, NAME, DESCRIPTION, CATEGORY, BRAND, PRICE,  QUANTITY) VALUES (1023,'Neuron DSKTP','Core i3-6th Gen/4 GB DDR 4/1 TB/Windows 10 Home-Black, 34.2 cm x 48.6 cm x 4.8 cm, 3.5 kg, 19.5 Inch Screen', 'Electronics - Desktop', 'Neuron', 35000, 150);
INSERT INTO EK_PRODUCT (PRODUCT_ID, NAME, DESCRIPTION, CATEGORY, BRAND, PRICE,  QUANTITY) VALUES (1024,'Neuron Xtreme DSKTP','Pentium Quad Core/4 GB DDR3/500 GB/Ubuntu - Black, 19.5 Inch Screen', 'Electronics - Desktop', 'Neuron', 32000, 150);
INSERT INTO EK_PRODUCT (PRODUCT_ID, NAME, DESCRIPTION, CATEGORY, BRAND, PRICE,  QUANTITY) VALUES (1025,'Surface DSKTP','NVD Tegra Quad Core/ 1GB/ Android 4.2/353.8 mm x 530.9 mm x 67 mm, 4.85 kg, 54.61 Inch Screen', 'Electronics - Desktop', 'Macrosoft', 55000, 150);
INSERT INTO EK_PRODUCT (PRODUCT_ID, NAME, DESCRIPTION, CATEGORY, BRAND, PRICE,  QUANTITY) VALUES (1026,'Surface Pro DSKTP','NVD Tegra Quad Core/ 1GB/ Android 4.2/Touch 353.8 mm x 530.9 mm x 67 mm, 4.85 kg, 54.61 Inch Screen', 'Electronics - Desktop', 'Macrosoft', 75000, 8);
INSERT INTO EK_PRODUCT (PRODUCT_ID, NAME, DESCRIPTION, CATEGORY, BRAND, PRICE,  QUANTITY) VALUES (1027,'Raptor Neon DSKTP','Core i5 (6th Gen)/4 GB DDR3/1 TB/Windows 10 Home - White, 23.8 Inch Screen', 'Electronics - Desktop', 'Raptor', 55000, 2);
INSERT INTO EK_PRODUCT (PRODUCT_ID, NAME, DESCRIPTION, CATEGORY, BRAND, PRICE,  QUANTITY) VALUES (1028,'Canyon JetCam',' DSLR Camera Body with Single Lens: EF-S 18-55 IS II ', 'Electronics - Camera', 'Canyon', 50000, 150);
INSERT INTO EK_PRODUCT (PRODUCT_ID, NAME, DESCRIPTION, CATEGORY, BRAND, PRICE,  QUANTITY) VALUES (1029,'Canyon Clix','DSLR Camera Body with Dual Lens: AF-P DX NIKKOR 18 - 55 mm f/3.5 - 5.6G VR + AF-P DX NIKKOR 70 - 300 mm f/4.5 - 6.3G ED VR 16 GB SD Card', 'Electronics - Camera', 'Canyon', 65000, 150);
INSERT INTO EK_PRODUCT (PRODUCT_ID, NAME, DESCRIPTION, CATEGORY, BRAND, PRICE,  QUANTITY) VALUES (1030,'Canyon clix Plus','DSLR Camera Body with Single Lens: AF-P DX NIKKOR 18-55 mm f/3.5-5.6G VR Kit ', 'Electronics - Camera', 'Canyon', 75000, 150);
INSERT INTO EK_PRODUCT (PRODUCT_ID, NAME, DESCRIPTION, CATEGORY, BRAND, PRICE,  QUANTITY) VALUES (1031,'Nixon TrueLife','700D DSLR Camera Body with Dual Lens: EF S18 - 55 mm IS II and EF S55 - 250 mm IS II ', 'Electronics - Camera', 'Nixon', 45000, 150);
INSERT INTO EK_PRODUCT (PRODUCT_ID, NAME, DESCRIPTION, CATEGORY, BRAND, PRICE,  QUANTITY) VALUES (1032,'Nixon Shot','DSLR Camera Body with Single Lens: AF-P DX', 'Electronics - Camera', 'Nixon', 52000, 150);
INSERT INTO EK_PRODUCT (PRODUCT_ID, NAME, DESCRIPTION, CATEGORY, BRAND, PRICE,  QUANTITY) VALUES (1033,'Nixon ProCam','DSLR Camera Body with Single Lens: EF S18-55 IS STM', 'Electronics - Camera', 'Nixon', 56000, 150);
INSERT INTO EK_PRODUCT (PRODUCT_ID, NAME, DESCRIPTION, CATEGORY, BRAND, PRICE,  QUANTITY) VALUES (1034,'DigiFilm InFocus','DSLR Camera Body with Lens: AF-P 18-55mm VR + AF-P DX', 'Electronics - Camera', 'DigiFilm', 35000, 150);
INSERT INTO EK_PRODUCT (PRODUCT_ID, NAME, DESCRIPTION, CATEGORY, BRAND, PRICE,  QUANTITY) VALUES (1035,'DigiFilm Njoy','DSLR Camera Body with AF-S DX NIK 18-105 mm F/3.5-5.6 G ED VR', 'Electronics - Camera', 'DigiFilm', 45000, 150);
INSERT INTO EK_PRODUCT (PRODUCT_ID, NAME, DESCRIPTION, CATEGORY, BRAND, PRICE,  QUANTITY) VALUES (1036,'DigiFilm Cynosure','77D DSLR Camera Body with Single Lens: EF-S18-135 IS USM', 'Electronics - Camera', 'DigiFilm', 43000, 150);
INSERT INTO EK_PRODUCT (PRODUCT_ID, NAME, DESCRIPTION, CATEGORY, BRAND, PRICE,  QUANTITY) VALUES (1037,'DigiFilm Roll','DSLR Camera Body with Dual Lens: AF-P DX Nikkor 18 - 55 MM F/3.5-5.6G VR and 70-300 MM F/4.5-6.3G ED VR', 'Electronics - Camera', 'DigiFilm', 35000, 150);
INSERT INTO EK_PRODUCT (PRODUCT_ID, NAME, DESCRIPTION, CATEGORY, BRAND, PRICE,  QUANTITY) VALUES (1038,'GoodLife Iron-Box','Adjustable thermostat control - Shock-proof plastic body - Non-stick sole plate', 'Electronics - Other Appliances', 'GoodLife', 5000, 150);
INSERT INTO EK_PRODUCT (PRODUCT_ID, NAME, DESCRIPTION, CATEGORY, BRAND, PRICE,  QUANTITY) VALUES (1039,'GoodLife Microwave Oven','Convection Microwave Oven - Black', 'Electronics - Other Appliances', 'GoodLife', 5000, 150);
INSERT INTO EK_PRODUCT (PRODUCT_ID, NAME, DESCRIPTION, CATEGORY, BRAND, PRICE,  QUANTITY) VALUES (1040,'JVL BT5 Bluetooth Speaker','Portable Bluetooth Mobile/Tablet Speaker', 'Electronics - Other Appliances', 'JVL', 5000, 150);
INSERT INTO EK_PRODUCT (PRODUCT_ID, NAME, DESCRIPTION, CATEGORY, BRAND, PRICE,  QUANTITY) VALUES (1041,'Jab 5.1 Speaker','5.1 1 Subwoofer With 5.25"Woofer Unit, 5 Satellite Speakers With Full Range Speaker Units', 'Electronics - Other Appliances', 'Jab', 5000, 150);
INSERT INTO EK_PRODUCT (PRODUCT_ID, NAME, DESCRIPTION, CATEGORY, BRAND, PRICE,  QUANTITY) VALUES (1042,'Aro RF JeanssM-32', 'Regular Fit Jeans for Men, size-32', 'Clothing - Men', 'ARO', 5000, 150);
INSERT INTO EK_PRODUCT (PRODUCT_ID, NAME, DESCRIPTION, CATEGORY, BRAND, PRICE,  QUANTITY) VALUES (1043,'Aro RF JeanssM-34','Regular Fit Jeans for Men / Size 34 / Black', 'Clothing - Men', 'ARO', 4500, 150);
INSERT INTO EK_PRODUCT (PRODUCT_ID, NAME, DESCRIPTION, CATEGORY, BRAND, PRICE,  QUANTITY) VALUES (1044,'Aro RF JeanssM-36','Regular Fit Jeans for Men / Size 36 / Navy Blue', 'Clothing - Men', 'ARO', 2500, 150);
INSERT INTO EK_PRODUCT (PRODUCT_ID, NAME, DESCRIPTION, CATEGORY, BRAND, PRICE,  QUANTITY) VALUES (1045,'Aro STL JeansM-32','Denim - Stretchable Jeans for Men-32, Skinny fit', 'Clothing - Men', 'ARO', 3500, 150);
INSERT INTO EK_PRODUCT (PRODUCT_ID, NAME, DESCRIPTION, CATEGORY, BRAND, PRICE,  QUANTITY) VALUES (1046,'Aro STL JeansM-34','Skinny Fit stretchable Jeans for Men/Size-32', 'Clothing - Men', 'ARO', 3100, 150);
INSERT INTO EK_PRODUCT (PRODUCT_ID, NAME, DESCRIPTION, CATEGORY, BRAND, PRICE,  QUANTITY) VALUES (1047,'LP FL TrouserM-32','LuiPhilipe formal trouser for men / Size-32', 'Clothing - Men', 'LuiPhilipe', 3600, 150);
INSERT INTO EK_PRODUCT (PRODUCT_ID, NAME, DESCRIPTION, CATEGORY, BRAND, PRICE,  QUANTITY) VALUES (1048,'LP FL TrouserM-34','LuiPhilipe formal trouser for men / Size-34', 'Clothing - Men', 'LuiPhilipe', 5200, 150);
INSERT INTO EK_PRODUCT (PRODUCT_ID, NAME, DESCRIPTION, CATEGORY, BRAND, PRICE,  QUANTITY) VALUES (1049,'TTL FL ShirtM-38','Formal shirt for men / Size-38', 'Clothing - Men', 'TUTUL', 2500, 150);
INSERT INTO EK_PRODUCT (PRODUCT_ID, NAME, DESCRIPTION, CATEGORY, BRAND, PRICE,  QUANTITY) VALUES (1050,'TTL FL ShirtM-40','Formal shirt for men / Size-40', 'Clothing - Men', 'TUTUL', 2300, 150);
INSERT INTO EK_PRODUCT (PRODUCT_ID, NAME, DESCRIPTION, CATEGORY, BRAND, PRICE,  QUANTITY) VALUES (1051,'TTL FL ShirtM-42','Formal shirt for men / Size-42', 'Clothing - Men', 'TUTUL', 4500, 150);
INSERT INTO EK_PRODUCT (PRODUCT_ID, NAME, DESCRIPTION, CATEGORY, BRAND, PRICE,  QUANTITY) VALUES (1052,'Melanje kurti-M','Black Cotton Kurti-M', 'Clothing - Women', 'Melanje', 5000, 150);
INSERT INTO EK_PRODUCT (PRODUCT_ID, NAME, DESCRIPTION, CATEGORY, BRAND, PRICE,  QUANTITY) VALUES (1053,'Beeba Palazzo-L','Royal Blue Silk pallazo-L', 'Clothing - Women', 'Beeba', 4000, 150);
INSERT INTO EK_PRODUCT (PRODUCT_ID, NAME, DESCRIPTION, CATEGORY, BRAND, PRICE,  QUANTITY) VALUES (1054,'Lyfstyle Trouser-28','Cotton Trousers - 28', 'Clothing - Women', 'Lyfstyle', 6000, 150);
INSERT INTO EK_PRODUCT (PRODUCT_ID, NAME, DESCRIPTION, CATEGORY, BRAND, PRICE,  QUANTITY) VALUES (1055,'Dabloo Legging-M ','Cotton Legging (grey) size - M', 'Clothing - Women', 'Dabloo', 2000, 150);
INSERT INTO EK_PRODUCT (PRODUCT_ID, NAME, DESCRIPTION, CATEGORY, BRAND, PRICE,  QUANTITY) VALUES (1056,'Guchi Tunics-M','Denim Tunic (Olive Greeen) Medium Size', 'Clothing - Women', 'Guchi', 4000, 150);
INSERT INTO EK_PRODUCT (PRODUCT_ID, NAME, DESCRIPTION, CATEGORY, BRAND, PRICE,  QUANTITY) VALUES (1057,'Honee Casual Pant-M','Casual Pant - Off white, Medium size', 'Clothing - Women', 'Honee', 2000, 150);
INSERT INTO EK_PRODUCT (PRODUCT_ID, NAME, DESCRIPTION, CATEGORY, BRAND, PRICE,  QUANTITY) VALUES (1058,'LateenQuarters Jump Suit-M','Polyster Cotton Jump suit Navy Blue, Size - M', 'Clothing - Women', 'LateenQuarters', 4000, 150);
INSERT INTO EK_PRODUCT (PRODUCT_ID, NAME, DESCRIPTION, CATEGORY, BRAND, PRICE,  QUANTITY) VALUES (1059,'And Dungaree-M','Cotton Dungaree - Denim', 'Clothing - Women', 'And', 1500, 150);
INSERT INTO EK_PRODUCT (PRODUCT_ID, NAME, DESCRIPTION, CATEGORY, BRAND, PRICE,  QUANTITY) VALUES (1060,'Silk crafted Saree','Black Saree with brown border, golden crafted, 5m long', 'Clothing - Women', 'Grand Silk', 5000, 150);
INSERT INTO EK_PRODUCT (PRODUCT_ID, NAME, DESCRIPTION, CATEGORY, BRAND, PRICE,  QUANTITY) VALUES (1061,'Cotton crafted Saree','Black Saree with red border, 5m long, golden crafted', 'Clothing - Women', 'Grand Silk', 4200, 150);
INSERT INTO EK_PRODUCT (PRODUCT_ID, NAME, DESCRIPTION, CATEGORY, BRAND, PRICE,  QUANTITY) VALUES (1062,'Silk printed Saree','Red Saree, with white border and prints, 4m long', 'Clothing - Women', 'Grand Silk', 3000, 150);
INSERT INTO EK_PRODUCT (PRODUCT_ID, NAME, DESCRIPTION, CATEGORY, BRAND, PRICE,  QUANTITY) VALUES (1063,'MSD wicket Keeping Gloves','Leather gloves, drill lining cuff with rubber palm.', 'Sports', 'MSD', 1500, 150);
INSERT INTO EK_PRODUCT (PRODUCT_ID, NAME, DESCRIPTION, CATEGORY, BRAND, PRICE,  QUANTITY) VALUES (1064,'VSKA Cricket Bat','Jumbo Kashmir Willow Cricket Bat - Short Handle', 'Sports', 'VSKA', 2500, 150);
INSERT INTO EK_PRODUCT (PRODUCT_ID, NAME, DESCRIPTION, CATEGORY, BRAND, PRICE,  QUANTITY) VALUES (1065,'Mess Football','Hand Stitched Ball Laminated With 3 Layers Of Polyester Cotton', 'Sports', 'Mess', 750, 150);
INSERT INTO EK_PRODUCT (PRODUCT_ID, NAME, DESCRIPTION, CATEGORY, BRAND, PRICE,  QUANTITY) VALUES (1066,'Nivi Volleyball','Volleyball, weight-300g', 'Sports', 'Nivi', 500, 550);
INSERT INTO EK_PRODUCT (PRODUCT_ID, NAME, DESCRIPTION, CATEGORY, BRAND, PRICE,  QUANTITY) VALUES (1067,'SuperGrip Sports Shoes','Sports shoes with light weight and flexible and extra grip sole', 'Sports', 'SuperGrip', 4200, 150);
INSERT INTO EK_PRODUCT (PRODUCT_ID, NAME, DESCRIPTION, CATEGORY, BRAND, PRICE,  QUANTITY) VALUES (1068,'Hawk Fry Pan','Special Induction Base Non-Stick Fry Pan, 24cm', 'Home - Kitchen', 'Hawk', 1200, 150);
INSERT INTO EK_PRODUCT (PRODUCT_ID, NAME, DESCRIPTION, CATEGORY, BRAND, PRICE,  QUANTITY) VALUES (1069,'Pigi Pressure Cooker','All Outer Aluminum Pressure Cooker, 5 Litres, Silver', 'Home - Kitchen', 'PIGI', 1500, 150);
INSERT INTO EK_PRODUCT (PRODUCT_ID, NAME, DESCRIPTION, CATEGORY, BRAND, PRICE,  QUANTITY) VALUES (1070,'TKW Sofa Set','Sofa 3+1+1 sofa sets are usually ideal for most of the living rooms.', 'Home - Furniture', 'TKW', 50000, 15);
INSERT INTO EK_PRODUCT (PRODUCT_ID, NAME, DESCRIPTION, CATEGORY, BRAND, PRICE,  QUANTITY) VALUES (1071,'TKW Side Table','Sheesham Wood Bed Side Cabinet (Natural Honey Finish)', 'Home - Furniture', 'TKW', 15000, 150);
INSERT INTO EK_PRODUCT (PRODUCT_ID, NAME, DESCRIPTION, CATEGORY, BRAND, PRICE,  QUANTITY) VALUES (1072,'Hommie Curtain','Artistic floral door curtain (Ring) - 48inch X 90inch.', 'Home - Decor', 'Hommie', 2550, 150);
INSERT INTO EK_PRODUCT (PRODUCT_ID, NAME, DESCRIPTION, CATEGORY, BRAND, PRICE,  QUANTITY) VALUES (1073,'RoyaleDecor Curtain','Artistic floral window curtain (Ring) ', 'Home - Decor', 'RoyaleDecor', 1550, 150);
INSERT INTO EK_PRODUCT (PRODUCT_ID, NAME, DESCRIPTION, CATEGORY, BRAND, PRICE,  QUANTITY) VALUES (1074,'RoyaleDecor Bed Lamp','Wooden Table Lamp Rope Style (Size: 25.4 x 17.8 x 17.8 cm)', 'Home - Decor', 'RoyaleDecor', 1089, 200);


commit;
SELECT * FROM EK_PRODUCT;

drop schema  if exists ekart_customer;
create schema ekart_customer;
use `ekart_customer`;


CREATE TABLE EK_CUSTOMER(
	EMAIL_ID VARCHAR(50),
	NAME VARCHAR(50) NOT NULL,
	PASSWORD VARCHAR(70) NOT NULL,
	PHONE_NUMBER VARCHAR(10) NOT NULL UNIQUE,
	ADDRESS VARCHAR(500),
	constraint EK_CUSTOMER_EMAIL_ID_PK primary key ( EMAIL_ID )
);

 
INSERT INTO EK_CUSTOMER (EMAIL_ID, NAME, PASSWORD, PHONE_NUMBER, ADDRESS) VALUES ('tom@infosys.com', 'Tom', 'Tom@123', '7886189067' ,  'Ist Main, Building No.3 ,Park Square ,Los Angeles ,California ,752110');
INSERT INTO EK_CUSTOMER (EMAIL_ID, NAME, PASSWORD, PHONE_NUMBER, ADDRESS) VALUES ('harry@infosys.com', 'Harry', 'Harry@123', '7687156584',   '4th Main, Building No.8 ,Mountain Springs ,Las Vegas ,Nevada ,859122');
INSERT INTO EK_CUSTOMER (EMAIL_ID, NAME, PASSWORD, PHONE_NUMBER, ADDRESS) VALUES ('john@infosys.com', 'John', 'John@123', '8478116714',   '8th Main, Floor no-7, Building No.2 ,Midtown Manhattan ,New York City ,New York ,755123');
INSERT INTO EK_CUSTOMER (EMAIL_ID, NAME, PASSWORD, PHONE_NUMBER, ADDRESS) VALUES ('sara@infosys.com', 'Sara', 'Sara@123', '8900100511',   '2nd Main, Floor no-8, Building No.13 ,Mid-City ,New Orleans ,Louisiana ,760103');
INSERT INTO EK_CUSTOMER (EMAIL_ID, NAME, PASSWORD, PHONE_NUMBER, ADDRESS) VALUES ('mariya@infosys.com', 'Mariya', 'Mariya@123', '7578116427',   '3rd Main, Floor no-7, Building No.4 ,Back Bay ,Boston ,Massachusetts ,889183');
INSERT INTO EK_CUSTOMER (EMAIL_ID, NAME, PASSWORD, PHONE_NUMBER, ADDRESS) VALUES ('james@infosys.com', 'James', 'James@123', '8032179231',   '5th Main, Building No.6 ,Downtown Chicago ,Chicago ,Illinois ,871103');
INSERT INTO EK_CUSTOMER (EMAIL_ID, NAME, PASSWORD, PHONE_NUMBER, ADDRESS) VALUES ('steve@infosys.com', 'Steve', 'Steve@123', '7730157577',   '6th Main, Building No.16 ,City Alley ,Philadelphia ,Pennsylvania ,784164');
INSERT INTO EK_CUSTOMER (EMAIL_ID, NAME, PASSWORD, PHONE_NUMBER, ADDRESS) VALUES ('punya@infosys.com', 'Punya', 'Punya@123', '8064153936',   '228 Runamuck Pl #2808 ,King, Christopher A Esq ,Houston ,Texas ,820103');
INSERT INTO EK_CUSTOMER (EMAIL_ID, NAME, PASSWORD, PHONE_NUMBER, ADDRESS) VALUES ('animesh@infosys.com', 'Animesh', 'Animesh@123', '7335189166',   '25 E 75th St #69 ,Feiner Bros ,Portland ,Oregon ,741170');
INSERT INTO EK_CUSTOMER (EMAIL_ID, NAME, PASSWORD, PHONE_NUMBER, ADDRESS) VALUES ('rakesh@infosys.com', 'Rakesh', 'Rakesh@123', '7411164668',   '73 State Road 434 E ,Century Communications ,Atlanta ,Georgia ,738149');
commit;

SELECT * FROM EK_CUSTOMER;

CREATE TABLE EK_ORDER (
	ORDER_ID BIGINT NOT NULL auto_increment,
	DATE_OF_ORDER DATETIME NOT NULL,
	TOTAL_PRICE DECIMAL(12,2) NOT NULL,
	ORDER_STATUS VARCHAR(20) NOT NULL,
	PAYMENT_THROUGH VARCHAR(20) NOT NULL, 
	DATE_OF_DELIVERY DATETIME,
     CUSTOMER_EMAIL_ID VARCHAR(50),
	DISCOUNT DECIMAL(5,2) ,
	DELIVERY_ADDRESS VARCHAR(500),
	constraint EK_ORDER_ID_PK primary key (ORDER_ID)
);

ALTER TABLE  EK_ORDER  ADD CONSTRAINT EK_ORDER_STATUS_CK CHECK (ORDER_STATUS in ( 'PLACED', 'CONFIRMED', 'CANCELLED'));

ALTER TABLE  EK_ORDER  ADD CONSTRAINT EK_PAYMENT_THROUGH_CK CHECK (PAYMENT_THROUGH in ('DEBIT_CARD', 'CREDIT_CARD'));


INSERT INTO EK_ORDER (ORDER_ID,  DATE_OF_ORDER,  TOTAL_PRICE,  ORDER_STATUS, PAYMENT_THROUGH, DATE_OF_DELIVERY, CUSTOMER_EMAIL_ID , DISCOUNT , DELIVERY_ADDRESS  ) VALUES (90001,  SYSDATE()- INTERVAL 155 DAY, 30400,  'CONFIRMED', 'DEBIT_CARD', SYSDATE()- INTERVAL 150 DAY, 'tom@infosys.com',5 , 'Ist Main, Building No.3 ,Park Square ,Los Angeles ,California ,752110');
INSERT INTO EK_ORDER (ORDER_ID,  DATE_OF_ORDER,  TOTAL_PRICE,  ORDER_STATUS, PAYMENT_THROUGH, DATE_OF_DELIVERY, CUSTOMER_EMAIL_ID , DISCOUNT , DELIVERY_ADDRESS ) VALUES (90002,  SYSDATE()- INTERVAL 145 DAY, 14725,  'CONFIRMED', 'DEBIT_CARD', SYSDATE()- INTERVAL 140 DAY, 'harry@infosys.com',5 , '4th Main, Building No.8 ,Mountain Springs ,Las Vegas ,Nevada ,859122');
INSERT INTO EK_ORDER (ORDER_ID,  DATE_OF_ORDER,  TOTAL_PRICE,  ORDER_STATUS, PAYMENT_THROUGH, DATE_OF_DELIVERY, CUSTOMER_EMAIL_ID , DISCOUNT , DELIVERY_ADDRESS ) VALUES (90003,  SYSDATE()- INTERVAL 108 DAY, 15750,  'CONFIRMED', 'CREDIT_CARD', SYSDATE()- INTERVAL 103 DAY, 'john@infosys.com',10 , '8th Main, Floor no-7, Building No.2 ,Midtown Manhattan ,New York City ,New York ,755123');
INSERT INTO EK_ORDER (ORDER_ID,  DATE_OF_ORDER,  TOTAL_PRICE,  ORDER_STATUS, PAYMENT_THROUGH, DATE_OF_DELIVERY, CUSTOMER_EMAIL_ID , DISCOUNT , DELIVERY_ADDRESS ) VALUES (90004,  SYSDATE()- INTERVAL 76 DAY, 7553,  'CANCELLED', 'DEBIT_CARD', SYSDATE()- INTERVAL 73 DAY, 'punya@infosys.com',5 , '228 Runamuck Pl #2808 ,King, Christopher A Esq ,Houston ,Texas ,820103');
INSERT INTO EK_ORDER (ORDER_ID,  DATE_OF_ORDER,  TOTAL_PRICE,  ORDER_STATUS, PAYMENT_THROUGH, DATE_OF_DELIVERY, CUSTOMER_EMAIL_ID , DISCOUNT , DELIVERY_ADDRESS ) VALUES (90005,  SYSDATE()- INTERVAL 6 DAY, 139500,  'CONFIRMED', 'CREDIT_CARD', SYSDATE()- INTERVAL 150 DAY, 'rakesh@infosys.com',10 ,'73 State Road 434 E ,Century Communications ,Atlanta ,Georgia ,738149');
INSERT INTO EK_ORDER (ORDER_ID,  DATE_OF_ORDER,  TOTAL_PRICE,  ORDER_STATUS, PAYMENT_THROUGH, DATE_OF_DELIVERY, CUSTOMER_EMAIL_ID , DISCOUNT , DELIVERY_ADDRESS ) VALUES (90006,  SYSDATE()- INTERVAL 2 DAY, 36290,  'CONFIRMED', 'DEBIT_CARD', SYSDATE()- INTERVAL 150 DAY, 'rakesh@infosys.com',5 , '73 State Road 434 E ,Century Communications ,Atlanta ,Georgia ,738149');
INSERT INTO EK_ORDER (ORDER_ID,  DATE_OF_ORDER,  TOTAL_PRICE,  ORDER_STATUS, PAYMENT_THROUGH, DATE_OF_DELIVERY, CUSTOMER_EMAIL_ID , DISCOUNT , DELIVERY_ADDRESS ) VALUES (90008,  SYSDATE()- INTERVAL 65 DAY, 21850,  'PLACED', 'DEBIT_CARD', SYSDATE()- INTERVAL 150 DAY, 'tom@infosys.com',5 , 'Ist Main, Building No.3 ,Park Square ,Los Angeles ,California ,752110');
SELECT * FROM EK_ORDER;

CREATE TABLE EK_ORDERED_PRODUCT (
    ORDERED_PRODUCT_ID INT auto_increment,
	ORDER_ID BIGINT ,
	PRODUCT_ID INT,
	QUANTITY INT,
	constraint EK_ORDERED_PRODUCT_ID_PK primary key ( ORDERED_PRODUCT_ID),
	constraint EK_ORDERED_PRODUCT_ID_ORDER_FK foreign key (ORDER_ID)
    references EK_ORDER(ORDER_ID)
);
INSERT INTO EK_ORDERED_PRODUCT (ORDERED_PRODUCT_ID ,ORDER_ID,  PRODUCT_ID,  QUANTITY) VALUES ( 60000 ,90001 ,1000  , 1 );
INSERT INTO EK_ORDERED_PRODUCT (ORDERED_PRODUCT_ID ,ORDER_ID,  PRODUCT_ID,  QUANTITY) VALUES ( 60001 ,90001 ,1001  , 1);
INSERT INTO EK_ORDERED_PRODUCT (ORDERED_PRODUCT_ID ,ORDER_ID,  PRODUCT_ID,  QUANTITY) VALUES (60002, 90002 , 1073 , 10);
INSERT INTO EK_ORDERED_PRODUCT (ORDERED_PRODUCT_ID ,ORDER_ID,  PRODUCT_ID,  QUANTITY) VALUES ( 60003 ,90003 , 1051 , 2);
INSERT INTO EK_ORDERED_PRODUCT (ORDERED_PRODUCT_ID ,ORDER_ID,  PRODUCT_ID,  QUANTITY) VALUES ( 60004 ,90003 , 1052 ,1 );
INSERT INTO EK_ORDERED_PRODUCT (ORDERED_PRODUCT_ID ,ORDER_ID,  PRODUCT_ID,  QUANTITY) VALUES ( 60005 , 90003 , 1053 ,2 );
INSERT INTO EK_ORDERED_PRODUCT (ORDERED_PRODUCT_ID ,ORDER_ID,  PRODUCT_ID,  QUANTITY) VALUES ( 60006, 90004 , 1064 ,1 );
INSERT INTO EK_ORDERED_PRODUCT (ORDERED_PRODUCT_ID ,ORDER_ID,  PRODUCT_ID,  QUANTITY) VALUES ( 60007, 90004 , 1065 ,1 );
INSERT INTO EK_ORDERED_PRODUCT (ORDERED_PRODUCT_ID ,ORDER_ID,  PRODUCT_ID,  QUANTITY) VALUES ( 60008, 90004 ,1066  ,1 );
INSERT INTO EK_ORDERED_PRODUCT (ORDERED_PRODUCT_ID ,ORDER_ID,  PRODUCT_ID,  QUANTITY) VALUES (60009, 90004 , 1067 , 1);
INSERT INTO EK_ORDERED_PRODUCT (ORDERED_PRODUCT_ID ,ORDER_ID,  PRODUCT_ID,  QUANTITY) VALUES (60010, 90005 , 1019 , 1);
INSERT INTO EK_ORDERED_PRODUCT (ORDERED_PRODUCT_ID ,ORDER_ID,  PRODUCT_ID,  QUANTITY) VALUES (60011, 90006 ,  1023, 1 );
INSERT INTO EK_ORDERED_PRODUCT (ORDERED_PRODUCT_ID ,ORDER_ID,  PRODUCT_ID,  QUANTITY) VALUES ( 60012,90006 , 1024 ,1 );



SELECT * FROM EK_ORDERED_PRODUCT;

drop schema  if exists  ekart_customercart;
create schema ekart_customercart;
use `ekart_customercart`;
CREATE TABLE EK_CUSTOMER_CART (
	CART_ID INT auto_increment,
    CUSTOMER_EMAIL_ID VARCHAR(50) unique,
	constraint EK_CART_ID_PK primary key (CART_ID)
);
INSERT INTO EK_CUSTOMER_CART (CART_ID,  CUSTOMER_EMAIL_ID) VALUES (3000,  'tom@infosys.com');
INSERT INTO EK_CUSTOMER_CART (CART_ID, CUSTOMER_EMAIL_ID) VALUES (3001,  'harry@infosys.com');
INSERT INTO EK_CUSTOMER_CART (CART_ID, CUSTOMER_EMAIL_ID) VALUES (3002,  'john@infosys.com');
INSERT INTO EK_CUSTOMER_CART (CART_ID, CUSTOMER_EMAIL_ID) VALUES (3003,  'sara@infosys.com');
INSERT INTO EK_CUSTOMER_CART (CART_ID, CUSTOMER_EMAIL_ID) VALUES (3004,  'mariya@infosys.com');
INSERT INTO EK_CUSTOMER_CART (CART_ID, CUSTOMER_EMAIL_ID) VALUES (3005,  'james@infosys.com');
INSERT INTO EK_CUSTOMER_CART (CART_ID, CUSTOMER_EMAIL_ID) VALUES (3006,  'rakesh@infosys.com');

commit;

SELECT * FROM EK_CUSTOMER_CART;

CREATE TABLE EK_CART_PRODUCT
(
CART_PRODUCT_ID INT auto_increment, 
CART_ID INT,
PRODUCT_ID INT NOT NULL,
QUANTITY SMALLINT,
constraint EK_CART_PRODUCT_ID_PK primary key (CART_PRODUCT_ID ),
constraint EK_CART_PRODUCT_ID_CUSTOMER_CART_FK foreign key (CART_ID) references EK_CUSTOMER_CART (CART_ID)
);


INSERT INTO EK_CART_PRODUCT (CART_PRODUCT_ID,CART_ID, PRODUCT_ID, QUANTITY) VALUES (8000 ,3000 , 1006,1 );
INSERT INTO EK_CART_PRODUCT (CART_PRODUCT_ID,CART_ID, PRODUCT_ID, QUANTITY) VALUES  (8001,3000 , 1008,1);
INSERT INTO EK_CART_PRODUCT (CART_PRODUCT_ID,CART_ID, PRODUCT_ID, QUANTITY) VALUES (8002,3001, 1073,2);
INSERT INTO EK_CART_PRODUCT (CART_PRODUCT_ID,CART_ID, PRODUCT_ID, QUANTITY) VALUES (8003,3002,1045 ,1);
INSERT INTO EK_CART_PRODUCT (CART_PRODUCT_ID,CART_ID, PRODUCT_ID, QUANTITY)  VALUES (8004,3002,1054 ,1);
INSERT INTO EK_CART_PRODUCT (CART_PRODUCT_ID,CART_ID, PRODUCT_ID, QUANTITY) VALUES (8005,3003,1034 ,3);
INSERT INTO EK_CART_PRODUCT (CART_PRODUCT_ID,CART_ID, PRODUCT_ID, QUANTITY)  VALUES (8006,3003,1035 ,4);
INSERT INTO EK_CART_PRODUCT (CART_PRODUCT_ID,CART_ID, PRODUCT_ID, QUANTITY) VALUES (8007,3004, 1074,10);
INSERT INTO EK_CART_PRODUCT (CART_PRODUCT_ID,CART_ID, PRODUCT_ID, QUANTITY)  VALUES (8008,3005, 1033 ,1);
INSERT INTO EK_CART_PRODUCT (CART_PRODUCT_ID,CART_ID, PRODUCT_ID, QUANTITY)  VALUES (8009,3005,1034 ,1);
INSERT INTO EK_CART_PRODUCT (CART_PRODUCT_ID,CART_ID, PRODUCT_ID, QUANTITY)  VALUES (8010,3005,1035 ,1);
INSERT INTO EK_CART_PRODUCT (CART_PRODUCT_ID,CART_ID, PRODUCT_ID, QUANTITY)  VALUES (8011,3005,1036 ,1);

SELECT * FROM EK_CART_PRODUCT;

drop schema  if exists ekart_payment;
create schema ekart_payment;
use `ekart_payment`;

CREATE TABLE EK_CARD( 
	CARD_ID INT auto_increment,
	CARD_TYPE VARCHAR(11) NOT NULL,
	CARD_NUMBER VARCHAR(16) NOT NULL,
	CVV VARCHAR(70) NOT NULL,
	EXPIRY_DATE VARCHAR(50) NOT NULL,
	NAME_ON_CARD VARCHAR(50) NOT NULL,
        CUSTOMER_EMAIL_ID VARCHAR(50),
	constraint EK_CARD_ID_PK primary key ( CARD_ID )
);

ALTER TABLE EK_CARD ADD CONSTRAINT EK_CARD_TYPE_CK CHECK (CARD_TYPE in ('DEBIT_CARD','CREDIT_CARD'));

INSERT INTO EK_CARD (CARD_ID, CARD_TYPE, CARD_NUMBER, CVV, EXPIRY_DATE, NAME_ON_CARD, CUSTOMER_EMAIL_ID) VALUES (2001, 'DEBIT_CARD', '6642120005012154', '5088c1bc42f5cc6a32cdb92d7524ea06febe006baac86a0fc8986a8ee00602bc', '2021-01', 'TOM', 'tom@infosys.com');
-- CVV => 517
INSERT INTO EK_CARD (CARD_ID, CARD_TYPE, CARD_NUMBER, CVV, EXPIRY_DATE, NAME_ON_CARD, CUSTOMER_EMAIL_ID) VALUES (2002, 'DEBIT_CARD', '6642120005012155', '5088c1bc42f5cc6a32cdb92d7524ea06febe006baac86a0fc8986a8ee00602bc', '2021-01', 'TOM', 'tom@infosys.com');
-- CVV => 517
INSERT INTO EK_CARD (CARD_ID, CARD_TYPE, CARD_NUMBER, CVV, EXPIRY_DATE, NAME_ON_CARD, CUSTOMER_EMAIL_ID) VALUES (2003, 'CREDIT_CARD', '6642130005012162', 'c9a5da075f9e5c3e7a916570946fed4826e181656382e13696fbe0aaf1412bf5', '2028-02', 'TOM', 'tom@infosys.com');
-- CVV => 699
INSERT INTO EK_CARD (CARD_ID, CARD_TYPE, CARD_NUMBER, CVV, EXPIRY_DATE, NAME_ON_CARD, CUSTOMER_EMAIL_ID) VALUES (2004, 'DEBIT_CARD', '6642140005012179', '6b3c238ebcf1f3c07cf0e556faa82c6b8fe96840ff4b6b7e9962a2d855843a0b', '2028-02', 'TOM', 'tom@infosys.com');
-- CVV => 404
INSERT INTO EK_CARD (CARD_ID, CARD_TYPE, CARD_NUMBER, CVV, EXPIRY_DATE, NAME_ON_CARD, CUSTOMER_EMAIL_ID) VALUES (2005, 'DEBIT_CARD', '6642150005012186', '0c658eb5d61e88c86f37613342bbce6cbf278a9a86ba6514dc7e5c205f76c99f', '2028-02', 'TOM', 'tom@infosys.com');
-- CVV => 748
INSERT INTO EK_CARD (CARD_ID, CARD_TYPE, CARD_NUMBER, CVV, EXPIRY_DATE, NAME_ON_CARD, CUSTOMER_EMAIL_ID) VALUES (2006, 'CREDIT_CARD', '6642160005012193', '114bd151f8fb0c58642d2170da4ae7d7c57977260ac2cc8905306cab6b2acabc', '2029-02', 'HARRY', 'harry@infosys.com');
-- CVV => 234
INSERT INTO EK_CARD (CARD_ID, CARD_TYPE, CARD_NUMBER, CVV, EXPIRY_DATE, NAME_ON_CARD, CUSTOMER_EMAIL_ID) VALUES (2007, 'CREDIT_CARD', '6642170005012200', '40962624bfc236888ff8a68a74b0c30166b7245423520bb28196b67f57d5e332', '2029-02', 'HARRY', 'harry@infosys.com');
-- CVV => 739
INSERT INTO EK_CARD (CARD_ID, CARD_TYPE, CARD_NUMBER, CVV, EXPIRY_DATE, NAME_ON_CARD, CUSTOMER_EMAIL_ID) VALUES (2008, 'DEBIT_CARD', '6642180005012217', 'eaa1938017b2d55e02387d0837e1b56bc124ae8a17624e10e366bae6c4b9c834', '2028-06', 'HARRY', 'harry@infosys.com');
-- CVV => 894
INSERT INTO EK_CARD (CARD_ID, CARD_TYPE, CARD_NUMBER, CVV, EXPIRY_DATE, NAME_ON_CARD, CUSTOMER_EMAIL_ID) VALUES (2009, 'DEBIT_CARD', '6642190005012224', 'd1c78c9aa5dcb0991f46b25fbaaa359d7d5823ac7a2a94c4d4a31da42a26c24f', '2027-08', 'JOHN', 'john@infosys.com');
-- CVV => 805
INSERT INTO EK_CARD (CARD_ID, CARD_TYPE, CARD_NUMBER, CVV, EXPIRY_DATE, NAME_ON_CARD, CUSTOMER_EMAIL_ID) VALUES (2010, 'CREDIT_CARD', '6642200005012239', '52f11620e397f867b7d9f19e48caeb64658356a6b5d17138c00dd9feaf5d7ad6', '2032-09', 'JOHN', 'john@infosys.com');
-- CVV => 184
INSERT INTO EK_CARD (CARD_ID, CARD_TYPE, CARD_NUMBER, CVV, EXPIRY_DATE, NAME_ON_CARD, CUSTOMER_EMAIL_ID) VALUES (2011, 'CREDIT_CARD', '6642220005012252', '10ba045e9ee40807e57f6093280b9fa9eaf640ba4955e340ae4c749382ad96fc', '2030-10', 'SARA', 'sara@infosys.com');
-- CVV => 684
INSERT INTO EK_CARD (CARD_ID, CARD_TYPE, CARD_NUMBER, CVV, EXPIRY_DATE, NAME_ON_CARD, CUSTOMER_EMAIL_ID) VALUES (2012, 'CREDIT_CARD', '6642210005012246', '61182f39851829ca78c919a83ecbfa045fc0686bff16d0cfa3e643988d9dfecd', '2030-12', 'SARA', 'sara@infosys.com');
-- CVV => 730
INSERT INTO EK_CARD (CARD_ID, CARD_TYPE, CARD_NUMBER, CVV, EXPIRY_DATE, NAME_ON_CARD, CUSTOMER_EMAIL_ID) VALUES (2013, 'DEBIT_CARD', '6642230005012269', 'fce86e339dc3131c489202ec3b6c8d4319c61f152b3541ba0e4141e5d5c3fac3', '2031-04', 'SARA', 'sara@infosys.com');
-- CVV => 807
INSERT INTO EK_CARD (CARD_ID, CARD_TYPE, CARD_NUMBER, CVV, EXPIRY_DATE, NAME_ON_CARD, CUSTOMER_EMAIL_ID) VALUES (2014, 'DEBIT_CARD', '6642240005012276', '728bf33aab1d32d4dca8fcc6a020d8baeb6b9910104541aa68c2d408154734fc', '2032-02', 'MARIYA', 'mariya@infosys.com');
-- CVV => 920
INSERT INTO EK_CARD (CARD_ID, CARD_TYPE, CARD_NUMBER, CVV, EXPIRY_DATE, NAME_ON_CARD, CUSTOMER_EMAIL_ID) VALUES (2015, 'DEBIT_CARD', '6642250005012283', 'bda584056eb9957d6c681e00079eff36fec289e2a0432a4221b95438dfef5ca4', '2034-02', 'MARIYA', 'mariya@infosys.com');
-- CVV => 637
INSERT INTO EK_CARD (CARD_ID, CARD_TYPE, CARD_NUMBER, CVV, EXPIRY_DATE, NAME_ON_CARD, CUSTOMER_EMAIL_ID) VALUES (2016, 'CREDIT_CARD', '6642260005012290', '4621c1d55fa4e86ce0dae4288302641baac86dd53f76227c892df9d300682d41', '2028-02', 'MARIYA', 'mariya@infosys.com');
-- CVV => 203
INSERT INTO EK_CARD (CARD_ID, CARD_TYPE, CARD_NUMBER, CVV, EXPIRY_DATE, NAME_ON_CARD, CUSTOMER_EMAIL_ID) VALUES (2017, 'CREDIT_CARD', '6642270005012307', '303c8bd55875dda240897db158acf70afe4226f300757f3518b86e6817c00022', '2028-02', 'JAMES', 'james@infosys.com');
-- CVV => 273
INSERT INTO EK_CARD (CARD_ID, CARD_TYPE, CARD_NUMBER, CVV, EXPIRY_DATE, NAME_ON_CARD, CUSTOMER_EMAIL_ID) VALUES (2018, 'DEBIT_CARD', '6642280005012314', '00bebc5be79d19e1b8b3f250dc39aebfa9a054baf5f8d61380438d92394c476a', '2029-02', 'JAMES', 'james@infosys.com');
-- CVV => 671
INSERT INTO EK_CARD (CARD_ID, CARD_TYPE, CARD_NUMBER, CVV, EXPIRY_DATE, NAME_ON_CARD, CUSTOMER_EMAIL_ID) VALUES (2019, 'DEBIT_CARD', '6642290005012321', 'b1556dea32e9d0cdbfed038fd7787275775ea40939c146a64e205bcb349ad02f', '2029-02', 'JAMES', 'james@infosys.com');
-- CVV => 112
INSERT INTO EK_CARD (CARD_ID, CARD_TYPE, CARD_NUMBER, CVV, EXPIRY_DATE, NAME_ON_CARD, CUSTOMER_EMAIL_ID) VALUES (2020, 'CREDIT_CARD', '6642300005012336', '02e6295d8f522840f09b5194b3f023799ad6ed3306d9296005787e792224df20', '2029-02', 'JAMES', 'james@infosys.com');
-- CVV => 344
INSERT INTO EK_CARD (CARD_ID, CARD_TYPE, CARD_NUMBER, CVV, EXPIRY_DATE, NAME_ON_CARD, CUSTOMER_EMAIL_ID) VALUES (2021, 'DEBIT_CARD', '6642310005012343', '23e8b0175874e1bb3b4799e13a6634a8eddb456c1b8675b871e07ec09abc0c07', '2029-02', 'STEVE', 'steve@infosys.com');
-- CVV => 492
INSERT INTO EK_CARD (CARD_ID, CARD_TYPE, CARD_NUMBER, CVV, EXPIRY_DATE, NAME_ON_CARD, CUSTOMER_EMAIL_ID) VALUES (2022, 'DEBIT_CARD', '6642320005012359', 'f4466a4b51d21014b34f621813a1ed75f1c750ec328d908d9edc989c64778962', '2029-02', 'STEVE', 'steve@infosys.com');
-- CVV => 673
INSERT INTO EK_CARD (CARD_ID, CARD_TYPE, CARD_NUMBER, CVV, EXPIRY_DATE, NAME_ON_CARD, CUSTOMER_EMAIL_ID) VALUES (2023, 'CREDIT_CARD', '6642330005012366', '62a0eae98b9fc0bd0ad941ae07ae5e2af545a64c8ddc43407bdfe6ae82addb4c', '2028-02', 'STEVE', 'steve@infosys.com');
-- CVV => 358
INSERT INTO EK_CARD (CARD_ID, CARD_TYPE, CARD_NUMBER, CVV, EXPIRY_DATE, NAME_ON_CARD, CUSTOMER_EMAIL_ID) VALUES (2024, 'DEBIT_CARD', '6642340005012373', 'eaf89db7108470dc3f6b23ea90618264b3e8f8b6145371667c4055e9c5ce9f52', '2027-02', 'STEVE', 'steve@infosys.com');
-- CVV => 777
INSERT INTO EK_CARD (CARD_ID, CARD_TYPE, CARD_NUMBER, CVV, EXPIRY_DATE, NAME_ON_CARD, CUSTOMER_EMAIL_ID) VALUES (2025, 'CREDIT_CARD', '6642350005012380', '050a010ce24d0896056e9a36a1940738d38f469d644b3682cfcc47569739c525', '2026-02', 'PUNYA', 'punya@infosys.com');
-- CVV => 439
INSERT INTO EK_CARD (CARD_ID, CARD_TYPE, CARD_NUMBER, CVV, EXPIRY_DATE, NAME_ON_CARD, CUSTOMER_EMAIL_ID) VALUES (2026, 'CREDIT_CARD', '6642360005012397', 'f64f410744d9470ffe2d6b9ee6f042cdffcc42a745d2568146e8782ea828ff48', '2025-02', 'PUNYA', 'punya@infosys.com');
-- CVV => 406
INSERT INTO EK_CARD (CARD_ID, CARD_TYPE, CARD_NUMBER, CVV, EXPIRY_DATE, NAME_ON_CARD, CUSTOMER_EMAIL_ID) VALUES (2027, 'CREDIT_CARD', '6642370005012404', 'd11501b090fb2749f2c49284394dd36fe0ac76eb1a52cb3bba260dbc119ec46e', '2022-02', 'PUNYA', 'punya@infosys.com');
-- CVV => 536
INSERT INTO EK_CARD (CARD_ID, CARD_TYPE, CARD_NUMBER, CVV, EXPIRY_DATE, NAME_ON_CARD, CUSTOMER_EMAIL_ID) VALUES (2028, 'DEBIT_CARD', '6642380005012411', '5c3e9040008c91509e2d28e5308034b677d4e2cc0b386863d4883bdb747eba1c', '2029-02', 'PUNYA', 'punya@infosys.com');
-- CVV => 725
INSERT INTO EK_CARD (CARD_ID, CARD_TYPE, CARD_NUMBER, CVV, EXPIRY_DATE, NAME_ON_CARD, CUSTOMER_EMAIL_ID) VALUES (2029, 'DEBIT_CARD', '6642390005012428', 'b3a8e0e1f9ab1bfe3a36f231f676f78bb30a519d2b21e6c530c0eee8ebb4a5d0', '2031-06', 'ANIMESH', 'animesh@infosys.com');
-- CVV => 456
INSERT INTO EK_CARD (CARD_ID, CARD_TYPE, CARD_NUMBER, CVV, EXPIRY_DATE, NAME_ON_CARD, CUSTOMER_EMAIL_ID) VALUES (2030, 'CREDIT_CARD', '6642400005012433', 'fc95ce176603e9e1d1ffee39023b31dd856e00ad030526902604ed2a68a12c4b', '2032-02', 'ANIMESH', 'animesh@infosys.com');
-- CVV => 339
INSERT INTO EK_CARD (CARD_ID, CARD_TYPE, CARD_NUMBER, CVV, EXPIRY_DATE, NAME_ON_CARD, CUSTOMER_EMAIL_ID) VALUES (2031, 'CREDIT_CARD', '6642410005012440', '162753c27c8b32975a0edf5e89ab4ed8e2f06f02a182e0f181481cc050fdcc72', '2032-02', 'ANIMESH', 'animesh@infosys.com');
-- CVV => 686
INSERT INTO EK_CARD (CARD_ID, CARD_TYPE, CARD_NUMBER, CVV, EXPIRY_DATE, NAME_ON_CARD, CUSTOMER_EMAIL_ID) VALUES (2032, 'DEBIT_CARD', '6642420005012456', 'b123f95a5578ac2ffb571adb3fd60b023e925128d1ef5bf917a73a8fa3d136a4', '2029-02', 'ANIMESH', 'animesh@infosys.com');
-- CVV => 909
INSERT INTO EK_CARD (CARD_ID, CARD_TYPE, CARD_NUMBER, CVV, EXPIRY_DATE, NAME_ON_CARD, CUSTOMER_EMAIL_ID) VALUES (2033, 'DEBIT_CARD', '6642430005012463', '79d6eaa2676189eb927f2e16a70091474078e2117c3fc607d35cdc6b591ef355', '2027-06', 'RAKESH', 'rakesh@infosys.com');
-- CVV => 162
INSERT INTO EK_CARD (CARD_ID, CARD_TYPE, CARD_NUMBER, CVV, EXPIRY_DATE, NAME_ON_CARD, CUSTOMER_EMAIL_ID) VALUES (2034, 'DEBIT_CARD', '6642440005012470', '38b2d03f3256502b1e9db02b2d12aa27a46033ffe6d8c0ef0f2cf6b1530be9d8', '2025-08', 'RAKESH', 'rakesh@infosys.com');
-- CVV => 187
INSERT INTO EK_CARD (CARD_ID, CARD_TYPE, CARD_NUMBER, CVV, EXPIRY_DATE, NAME_ON_CARD, CUSTOMER_EMAIL_ID) VALUES (2035, 'CREDIT_CARD', '6642450005012487', '60f070e3393291d6f836bf0acdca6138eadc4dd1d168ccaf03ab17cf0464f81b', '2026-03', 'RAKESH', 'rakesh@infosys.com');
-- CVV => 591
INSERT INTO EK_CARD (CARD_ID, CARD_TYPE, CARD_NUMBER, CVV, EXPIRY_DATE, NAME_ON_CARD, CUSTOMER_EMAIL_ID) VALUES (2036, 'DEBIT_CARD', '6642460005012494', '1c8dcc518b9942ef52885666bfb82260c287afbbeebb71e741b1262099424f11', '2027-02', 'RAKESH', 'rakesh@infosys.com');
-- CVV => 681
INSERT INTO EK_CARD (CARD_ID, CARD_TYPE, CARD_NUMBER, CVV, EXPIRY_DATE, NAME_ON_CARD, CUSTOMER_EMAIL_ID) VALUES (2037, 'CREDIT_CARD', '6642470005012501', 'c032851ed192d8ac0a3ad04b0ef3060b44d1f6d62f8c17414006702787c5d88b', '2028-02', 'RAKESH', 'rakesh@infosys.com');
-- CVV => 795

commit;

SELECT * FROM EK_CARD;

CREATE TABLE EK_TRANSACTION
(
	TRANSACTION_ID INT auto_increment,
	ORDER_ID INT  NOT NULL,
	CARD_ID INT NOT NULL,
	TOTAL_PRICE DECIMAL(12,2) NOT NULL,
	TRANSACTION_STATUS VARCHAR(50),
	TRANSACTION_DATE DATETIME NOT NULL,
	constraint EK_TRANSACTION_ID_PK primary key ( TRANSACTION_ID )
);

ALTER TABLE  EK_TRANSACTION ADD CONSTRAINT EK_TRANSACTION_STATUS_CK CHECK (TRANSACTION_STATUS in ('TRANSACTION_SUCCESS','TRANSACTION_FAILED'));

INSERT INTO EK_TRANSACTION (TRANSACTION_ID, ORDER_ID, CARD_ID, TOTAL_PRICE, TRANSACTION_STATUS, TRANSACTION_DATE) VALUES (4000001,90001, 2001 ,30400, 'TRANSACTION_SUCCESS' , SYSDATE()- INTERVAL 155 DAY);
INSERT INTO EK_TRANSACTION (TRANSACTION_ID, ORDER_ID, CARD_ID, TOTAL_PRICE, TRANSACTION_STATUS , TRANSACTION_DATE) VALUES (4000002,90002, 2006,14725, 'TRANSACTION_SUCCESS' , SYSDATE()- INTERVAL 145 DAY);
INSERT INTO EK_TRANSACTION (TRANSACTION_ID, ORDER_ID, CARD_ID, TOTAL_PRICE, TRANSACTION_STATUS , TRANSACTION_DATE) VALUES (4000003,90003, 2008, 15750, 'TRANSACTION_SUCCESS' , SYSDATE()- INTERVAL 108 DAY);
INSERT INTO EK_TRANSACTION (TRANSACTION_ID, ORDER_ID, CARD_ID, TOTAL_PRICE, TRANSACTION_STATUS, TRANSACTION_DATE) VALUES (4000004,90004, 2026, 7553, 'TRANSACTION_FAILED', SYSDATE()- INTERVAL 76 DAY);
INSERT INTO EK_TRANSACTION (TRANSACTION_ID, ORDER_ID, CARD_ID, TOTAL_PRICE, TRANSACTION_STATUS , TRANSACTION_DATE) VALUES (4000005,90005, 2033, 139500, 'TRANSACTION_SUCCESS' , SYSDATE()- INTERVAL 6 DAY);
INSERT INTO EK_TRANSACTION (TRANSACTION_ID, ORDER_ID, CARD_ID, TOTAL_PRICE, TRANSACTION_STATUS , TRANSACTION_DATE) VALUES (4000006,90006, 2034, 36290, 'TRANSACTION_SUCCESS' , SYSDATE()- INTERVAL 2 DAY);
INSERT INTO EK_TRANSACTION (TRANSACTION_ID, ORDER_ID, CARD_ID, TOTAL_PRICE, TRANSACTION_STATUS , TRANSACTION_DATE) VALUES (4000007,90007, 2011, 270750, 'TRANSACTION_SUCCESS',  SYSDATE()-INTERVAL 68 DAY);

commit;

SELECT * FROM EK_TRANSACTION;